{"cameraMode":{"drawMode":0,"name":"Shaded","section":"Shading Mode"},"sceneLighting":true,"audioPlay":false,"sceneViewState":{"showFog":true,"showMaterialUpdate":false,"showSkybox":true,"showFlares":true,"showImageEffects":true,"showParticleSystems":true},"in2DMode":false,"pivot":{"x":-1.77861750125885,"y":-1.6328125,"z":85.26631927490235},"rotation":{"x":-0.030301973223686219,"y":0.014090354554355145,"z":-0.000427162682171911,"w":-0.9994420409202576},"size":14.859275817871094,"orthographic":true}