{"cameraMode":{"drawMode":0,"name":"Shaded","section":"Shading Mode"},"sceneLighting":true,"audioPlay":false,"sceneViewState":{"showFog":true,"showMaterialUpdate":false,"showSkybox":true,"showFlares":true,"showImageEffects":true,"showParticleSystems":true},"in2DMode":false,"pivot":{"x":0.391815185546875,"y":2.33990478515625,"z":89.7626953125},"rotation":{"x":-0.030301973223686219,"y":0.014090354554355145,"z":-0.000427162682171911,"w":-0.9994420409202576},"size":7.380686283111572,"orthographic":true}